month,total_sales
01,364011.36458
02,417490.2528
03,443014.0403
04,429860.59638
05,389524.6661
06,382443.27476
07,397335.6174
08,435505.90478
09,373335.36426
10,399644.87072
11,439218.4813
12,394138.40022
